Subreddit,SubmissionID,CommentID,text,date,ttype,community,polarized
Conservative,t3_nvtzcg,h156nl7,>Good job young man. Voices like yours will protect many others.\n	>AMEN! I agree! I hope they keep up the good work! I see your flair says Florida conservative, I'm from Tampa Bay, currently live in this shithole they call michigan ðŸ˜©\n		>What part of Michigan? I'm guessing eastern since you're referring to it as a shithole\n			>Actually mid michigan, Lansing/Jackson area but it's a shithole here too! The roads are trash and our POS Governor 'Whitless' is right here since the state capital is Lansing lol I can't stand that witch!\n				>Macomb County and its awful here. We had a 'COVID Task Force' who comes to parties and tries to break them up\n					>Yeah the only part of Michigan I ever see is west and southwest. St Joe/Niles area...\n					\n					A damn task force would get shot\n						>Try the Upper Peninsula (the 'U-P'). They're even more independent up there.\n						>Oh yeah! I like those areas of Michigan, lots of nice scenery. Yeah they'd be wise to not bring a task force in that area for sure! Lol\n	>This is true bravery. Not the status quo â€œbraveryâ€ that is players my the left and the media\n,1623240759.0,4,homo,no
Conservative,t3_nvtzcg,h15aqjp,>I have followed CJ for awhile now. He is an impressive, dare I say, kid.\n	>Not long enough, apparently.\n	\n	Iâ€™d let him finish growing up before celebrating him; heâ€™s already been through full grift cycles. Became famous for alleging that Obama had blocked him on Twitter but it turned out he was lying. Was hired as Ted Cruzâ€™ youth director out of that. Turned himself into a consultant and scammed a bunch of money out of other young Republicans that wanted a national voice like he had, doing virtually nothing to help them but taking their money anyway. When that came out, he was fired. Then he dropped out of Republican circles and went to work for Bernie Sanders as a youth person. Dunno what happened there, but now heâ€™s back as a Republican activist. \n	\n	Kidâ€™s young, so Iâ€™m not going to hold ancient behavior against him for forever, I just think heâ€™s still young enough that his history warrants a bit of caution.\n		>Wow, I wasn't aware of that at all. That's crazy. How can you consider yourself a conservative and support Bernie Sanders? lmao. Kid is obviously a little confused and maybe is still trying to find his own identity.\n			>Itâ€™s easy if you have no principles and are just out for yourself.\n				>Or, if you are young and malleable and susceptible to any new idea that sounds like it's a good one at face value.\n					>Certainly but it seems like his goal is not the cause, but rather money and clout.\n						>Thatâ€™s quite the assumption\n							>One assumption deserves another.\n					>Or you are a grifterâ€¦.\n				>I think that qualifies him as solidly conservative.\n		>Yeah, I would be cautious with him. He's as fickle as the wind.\n		>That smile is pretty infectious. Must be crazy to have that much charisma.\n		>Do you remember why he renounced conservatism, and how old he was? That was 5 years, maybe a little more. He was 13 I think. At the time he was taking flak for being a black conservative, even only at 13. He was getting hit left and right with 'why are you standing up for the racist party.' type things. A popular 13 year old 'youtube star' in politics getting blasted because he is a conservative black kid on a liberal medium. Of course he questioned what he was doing!   \n		\n		\n		And let's be honest, what 13 year old, even in politics, doesn't find Bernie Sanders fascinating. The dude has great promises and makes it sound like he can usher in a prosperous future. Of course he was drawn to that. Did you ever think that maybe Bernie is the reason CJ ended back on the Republican side?\n		\n		So many teenagers who are conservatives are constantly surrounded by hostile politics. Think of all the liberals around them. School, media, video games, and friends. The fact that he dabbled in another ideology, let alone a super popular one at the time, is not unheard of at all. In the past 3 years, he has been a good voice for Republicans.  \n		\n		One more thing, he did indeed do everything you said, but I tell you what, all those things are very huge characteristics of a politician. Possibly a good one, but we will see. We all make mistakes, especially as kids. So far, his mistakes are very forgivable and can be chalked up to learning experiences. To my knowledge, he has not replicated any of the bad mistakes.\n			>I think flip-flopping and grifting makes a terrible politician. He has charisma and confident speaking skills, which make for smooth politicians, not necessarily good legislators.\n			\n			I specifically noted that I wouldnâ€™t hold it against him forever and that Iâ€™m not saying he should be blackballed, just that an ounce of caution is warranted considering his history and that I think he should be given the grace of anonymity to finish growing up/figuring out what he actually believes. Money talks. He clearly knows that. Itâ€™s a lot tougher to be certain of his political convictions when heâ€™s not been consistent through obscurity or difficulty.\n			\n			Maybe he will be consistently conservative the rest of his life. Only time will tellâ€” and thatâ€™s all Iâ€™m saying. Donâ€™t celebrate him yet. Be cautious. If heâ€™s still consistent in five years, then Iâ€™ll be much more willing to count his young missteps as just that.\n	>He's way too grown to be called a kid... Guy is a leader at minimum, and yes, I've followed him for awhile now too.\n		>I 100% agree. He has done a lot of work, but is still 18 (19 at the end of July) and going into his sophomore year. Dude can't even have a beer after a hard test, or a rough election cycle. I know I would buy him a beer!\n,1623243039.0,2,homo,no
Conservative,t3_nvtzcg,h15mla2,>non-whites need to realize that they have to speak the fuck up against marxism ASAP, or be enslaved by it. non-action and silence is not an option. the early stage soviet union is literally repeating itself before our eyes.\n	>Who was the nfl player who wanted to start a conversation on police brutality and was pretty much shunned for standing for what he believed? The idea that â€œnon-whitesâ€ donâ€™t speak on issues is not true. It seems that the only time you want to hear their voice is when itâ€™s convenient to your political beliefs. Also, the idea that we are turning into â€œSoviet Unionâ€ is nothing but a scare tactic. Are bread lines forming at supermarkets? Unemployment benefits are close to expire if they havenâ€™t already, workers are having more flexibility to decide how they want their work place to be. This tactic is always used when Democrats are in power and nothing happens. The same issues that happened under Trump are happening under Biden, not only that but state and local governments are mostly thriving, aside from some areas of course, but the idea that we are turning into a communist country is far fetched at best.\n	>So we were engaged in a world war that went pretty disastrously for us, leaving our economy in shambles. So, the USA proletariat is rising up against the USA monarchy? Got it.\n,1623248563.0,1,homo,no
Conservative,t3_nvtzcg,h15wgnk,>Does this poor young man know what he is getting himself in to? I hope he can stand up to the constant and sustained racist attacks from the left that will come from this.\n,1623252664.0,4,homo,no
Conservative,t3_nvtzcg,h155ab6,>Banning a theory we don't like is exactly what the left does. It's one thing to say this theory is so extreme it can't be taught in K-12, which is focused on giving minors a basic education. It's another thing to advocate banning it on college campuses. College should be about the open exchange of ideas and rather than advocate banning it, Pearson should learn it and challenge it head on in debate.\n	>By this logic, universities should be teaching witchcraft and flat earth theory too.\n	\n	They don't teach those topics because they are obviously wrong, why would we make an exception to CRT?\n		>I think that this is an unfair comparison. No modern day politician believes in witchcraft, but many modern day politicians believe in Critical Race Theory. Even then, if we look at something like pure Communism via the 1850 manifesto, no one believes in that exact document anymore. Everyone who believes in Communist-esque ideology now is a neo-Marxist, neo-Leninist, or some pretty removed form from the original document. I bring this up to mention that people still teach classes on Marx's *Communist Manifesto* even though no one believes in that form of 'government' for lack of a better word.\n		\n		I think that it is fair to ban classes from teaching critical race theory in high schools, as it is a highly politicized topic, difficult to opt out of, very niche regarding much of history, and risks taking too much of a hardline 'this is the way that it happened' as opposed to just making it an idea that some people believe.\n		\n		I do not believe that it should be banned or even left out of from (optional) colleges curriculums however. In college, it is an opt in choice, and students' minds are far less malleable. Also, most people who take a course on critical race theory will be people who will be political scientists or history majors. Teaching highschool students as a whole is very different from teaching just history majors and political scientists, if they choose to listen.\n		\n		To summarize my feelings on the topic, I think that Critical Race Theory is a poor way to look at history, as it does not really allow for solutions. In spite of this, you have to remember when ideas are banned, you create unmoderated, underground groups of radicals. I would rather have the idea be taught at universities in the public eye where discourse can take place, than foster radical groups that promote unadulterated versions of their ideas.\n		>Some universities do teach witchcraft (history of it anyway) and discuss flat earth theory as a theory when discussing history.\n		\n		These were kind of bad examples to your point.  Universities discuss fascism and communism in-depth in many history programs as well, should be ban those?\n		\n		Banning the discussion of a subject or theory from academia just makes it taboo, and could even cause the inverse effect where more people seek it out considering it's now 'forbidden'.\n		\n		All theories should be up for discussion in post-secondary education.  It just shouldn't be taught for the purposes of indoctrination, but rather evaluation of the theory.\n			>Teaching *about* a theory is very different from teaching a theory as being correct.\n				>I agree, I didn't say I wanted CRT taught exactly the way it's being taught, I'm just saying outright banning the subject from even discussion at universities seems like a step too far.\n				\n				Again, banning something rarely gets rid of it, it just drives it underground.\n			>>It just shouldn't be taught for the purposes of indoctrination, but rather evaluation of the theory.\n			\n			Congratulations for contradicting your whole argument and making my argument for me.\n			\n			Do you honestly believe these CRT courses are looking at the topic in an objective, historical comparison? Have you seen any of the reading material or seen any speakers?\n			\n			Honestly, they have it set up brilliantly. They lecture you on how the entire premise of the country is flawed, and anything that goes against that narrative is used as evidence that the narrative exists.\n			\n			If you try to refute the goals of the founders using, idk their letters and articles from the time, then they just accuse you of defending the 'racist' system they founded.\n				>Except schools are teaching it as a serious established theory that you should consider believing yourself. The entire program is to convince you of its merits. Witchcraft classes donâ€™t have that approach.\n			>> Universities discuss fascism and communism in-depth in many history programs as well\n			\n			Do they now ? Because most of the college people I've talked with apparently have little to no idea what any of those are.\n				>I can't speak for everyone but when I attended undergraduate my political science classes discussed the differences in ideology quite extensively as well as their similarities.\n				\n				Admittedly it's been about 16 years since I went to Undergrad, and my graduate degree is an MBA, so not much political science there.\n		>We don't need the government to ban the teaching of flat Earth or witchcraft.\n			>That's not really my point.\n			\n			Why aren't universities open to teaching those topics? Shouldn't they teach anything by your logic?\n			\n			Remember, universities are government sustained. You can easily make the argument when a university takes a position on something, they are backed by the government.\n				>Private universities arenâ€™t public \n				\n				Colleges already essentially teach whatever they want including about those subjects\n				\n				Itâ€™s up to the faculty, administration, and students. Not the government. Itâ€™s academic freedom, something that we should take care not to infringe\n		>No, by that logic universities should be banned from teaching it, which was his point. Universities teach the bible too, which is just as wrong in many places.\n			>Universities teach the history of the bible and deconstruct the ideas behind it. Same thing with Islam.\n			\n			They don't convert the students to those religions in those courses like they do in CRT. In my experience, classes teaching about religion are more likely to promote atheism in the students than a more positive outlook on religion.\n				>Religious universities, which receive federal and state money, do teach it as truth. But you ignored his point, which is that the government shouldn't be involved in banning university curricula.\n		>Okay, I'm very much against CRT. But, I don't like the idea of seeing anything as 'obviously wrong' in an academic setting. Maybe it's my education background in STEM, but much of the innovation we make comes from things we once considered obviously wrong.   \n		\n		\n		There are pros and cons when information is free to be discussed.\n			>Then you've killed the entire purpose of higher education. \n			\n			If our universities, publicly funded by the way, start teaching 2+2=5 because we no longer believe in objective truth, than higher education is worthless.\n			\n			CRT is entirely based on numerous false premises. The idea that the nation's very foundation is racist, is false. The idea that we are nothing more than the average of our intersectional/post-modernist identity groups, is false. The idea that western society is the genesis for all evil in the world right now, is totally false. Honestly, Santa Claus is more believable than CRT.\n				>Don't spend a fucking paragraph explaining why something is bad that I've stated I don't endorse. It's pointless. And, no, not all universities are publicly funded.\n				\n				The ideas of Plank, Bohr, Shrodinger, Einstein, Oppenheimer, etc were all considered obviously wrong and based on incorrect presuppositions. When it turned out that the prevailing presuppositions were wrong. I'm not here defending CRT. I'm here defending the idea that the mainstream 'correct' think is not always right. And, using the 2+2=5 analogy brings a level of irony into this, as an adage to 1984. Freedom is the freedom to say 2+2=4. If that is granted, all else follows.\n				\n				'Right think' is being advocated on both sides and it's not just detrimental, it's downright authoritarian. The antidote to bad ideas isn't banning them. It's challenging them with good ideas. We used to believe this, at one point.\n	>So far I've seen laws, at least in the Oklahoma one, they don't really '' ban it'', they just forbid making it's teaching obligatory. They can still teach this kind of garbage, but they can't force you to take the class, nor they can make your grades depend on it.\n	>Just to gauge where your lines would be; do you feel that should apply to tax-funded public schools, or only privately funded ones? Do you also advocate for the teaching of sexism in universities? Or just racism? Because CRT literally advocates for (actually) institutionalized racism. \n	\n	I totally get your point! That the idea of 'cancelling' ideas we don't like makes us not much better than the unhinged lefties! Consider though, that the idea of suppressing abhorrent and dangerous world views isn't new. We 'cancelled' tf outta Hitler for using CRT to 'other' the Jews. Do we not generally try to eliminate, or *cancel* racism? How would opposing CRT be any different than opposing any *other* form of racism? I'm just trying to figure out if you support the idea of teaching racism in general, or if this one specific form just feels different to you somehow. \n	\n	As easy as the idea of standing idly by allowing evil to thrive sounds, sometimes in life we've gotta stand up for our principles. Assuming we have any. Sometimes good *has* to cancel evil, or we condemn entire future generations to the consequence of our complacency. It's not really the same as trying to ruin someones career and life because they uttered some word 20 years ago that we don't like.\n		>Frankly, I would do away with government education in the first place. There should be a separation of education and state. \n		\n		Having said that, the government did not ban National Socialist ideology. In fact, many progressives thought fascism was great in the 1920's and 1930's. Communists opposed the fascists, until the Hitler-Stalin pact and then fascism was fine. Until the war anyway. After National Socialism had been defeated and the horrors of death camps discovered the government didn't need to ban Nazism or eugenics, these doctrines were naturally abandoned. \n		\n		I would much rather conservatives win the debate on campus than use the power of the state to unjustly banish ideas we don't like.\n	>>	Banning a theory we don't like is exactly what the left does.\n	\n	Like what? Letâ€™s hear some examples.\n		>I think that He means to say that the left de-platform those that they disagree with, which is similar, although not exactly the same, as de-platforming an idea. To give an example of that, although I know that you didn't exactly ask for this, Richard Dawkins being de-platformed for his 'offensive' ideas on Islam.\n	>Lots of misunderstanding of the word theory in these discussions. Theory means itâ€™s been tested rigorously enough to be accepted by the scientific community. Theory is conflated with hypothesis, which is the untested phase. A theory is all but proven. Evolution is a theory because itâ€™s been tested. \n	\n	Flat-Earth is NOT A THEORY. It has no evidence or scientific consensus. \n	\n	CRT, while I donâ€™t know much about it, I doubt it is supported enough to be a true theory. \n	\n	If we talk about banning anything, ban calling it a theory and giving it the scientific recognition that comes with that word. \n	\n	Itâ€™s bad enough people thinking evolution is â€œjust a theoryâ€.\n		>Theory in a liberal arts context is essentially a tested hypothesis and by tested I mean discussed and accepted by at least some group within the liberal arts world. In the case of CRT, it's been around for awhile now and has been adopted by numerous people as true. The problem is that there has been little to no pushback in academia because conservatives are grotesquely outnumbered and are actively denied admissions into Ph.D programs and tenure tracks. Conservative media is over a decade behind on this issue, CRT has been accepted and pervasive on college campuses and in K-12 for some time now.\n	>Itâ€™s not an actual â€œtheoryâ€. Itâ€™s social engineering.  GFY with that dishonesty.\n	>I think the only problem is you can't debate these topics. There's no really good answer, university is a cesspool.\n		>The answer to that isn't to copy the left and ban theories we don't like.\n			>I agree we shouldn't ban any subject, I just wish professors were mediators instead of indoctrinators.\n				>I wish they would stick to their area of expertise rather than add lefist talking points into each class. Mathematics doesn't require a discussion on race.\n	>Look at whatâ€™s happening around CRT my dude. \n	\n	Teachers getting fired for being critical of CRT, parents being thrown out of school board meetings, CRT being required without any public input. \n	\n	This isnt about college or the freedom to discuss ideas. This is about mandated propaganda forcefully injected into our country under the cover of the pandemic.\n		>Where is CRT mandatory?\n	>If we aren't teaching racism again black people is cool.....which it is not cool.\n	\n	\n	Than we should be teaching racism against white people is cool....which it is not cool.\n,1623239940.0,1,homo,no
Conservative,t3_nvv8cb,h15m8f0,>Why her? Seriously. Iâ€™d like to think the Dems see more in her than just 1) Sheâ€™s a woman and 2) Sheâ€™s black, but I really think thatâ€™s all it is. One of the most universally unlikable and tone deaf politicians that got obliterated in her own presidential primaries.\n\nBut somehow theyâ€™re going to run her in 2024? No way. Sheâ€™s there for when Biden resigns, is removed, or croaks and pull the good ol house of cards VP power move.\n	>Biden was pretty clear that he was only using 2 criteria to select a VP. Here she is!\n	>You'd like to think it, but you'd be wrong. Anytime you dare make any criticism, Dems bring up her race and sex because apparently women and POCs are just too fragile to be criticized.\n	>That IS all it is. She got less than 1% of the vote in the primaries. That would disqualify ANYONE. But not the black female who will take any stance so long as it gives her power.\n,1623248414.0,4,homo,no
Conservative,t3_nvv8cb,h15bloa,>Yeah by 2024 this country will not want anything to do with her. There was a reason she polled so low. Worse thing the GOP can do is have Trump be our candidate instead of DeSantis and risking having 4 more years of this\n	>The country wanted nothing to do with her in 2020.  She was consistently at the bottom of the Democrat primary candidates.  Why anyone expected that to change is beyond me.  She's extremely arrogant and hasn't shown herself to be very competent.  It's a great recipe to be extremely unlikeable.\n		>The DNC didn't care about her standing in the primaries, it was entirely identity politics that drove their decision. They were going to choose someone like Warren until it was revealed that her identity was a lie.\n	>That's really up to Trump.  If he Decides to run the powers that be better get behind him,  otherwise we are the same as the Dems who forced out Bernie and made their 2 least popular primary candidates top of the ticket.\n		>To say that Trump is the least popular is a patently false statement. Most of the GOP has Trump as their mascot and millions of disenfranchised R voters still swear by him.\n		>Yeah but Bernie couldnâ€™t get the moderates even though he had a strong following. Same with Trump. Either one will take the party down with them while trying to appease the loudest people in the room.\n			>Exactly. I think DeSantis would do a good job getting the moderates. He has Trumps policy but heâ€™s a lot more professional and tell it like it is and wonâ€™t go on Twitter and rant. Heâ€™s what we need in a GOP candidate.\n				>No no no! Ron is OUR guy here in Florida and I speak for millions when I say we are NOT ready to let go of him. Florida is absolutely firing on all cylinders and can't stop winning under Ron. We are selfishly clinging to him!\n					>Haha I feel you but it seems like Ron is ready for 2024\n						>Yea hence why he's already fundraising for his campaign out-of-state.\n				>Exactly. My theory is that Kamala doesnâ€™t have the juice and the dems trying to force her to be likable (after getting 2% in the primaries) will backfire, so theyâ€™re going to have run Biden again in 2024 and DeSantis or possibly Nikki will take home the presidency\n					>Nikki? Really? Trump voters can't stand her.\n			>You seriously overestimate democrats. They would vote blue no matter who. If Hitler ran as a Democrat you would be saying hi to president Hitlerr\n			\n			It doesn't matter who would win the primary. The far left might have standards for who they vote for but the moderate left and regular democrats? Whoever would win their primary would get their vote simply because they were a democrat.. I can tell you that if Donald Trump ran as a Democrat in 2020 and somehow won their primary that all of those Democrats that hated him would have voted for him..\n			\n			It's not even a conspiracy it definitely would have happened. They just vote for whoever is on their team.. they don't even look at who it is they just pull the leverr\n				>I understand where youâ€™re coming from but I think youâ€™re underestimating peoples hate for Trump. Part of me thinks that â€œblue or nothingâ€ mentality got worse under Trump. Iâ€™m from a family of moderates (yes, I know that sounds rare these days). Many people in my family voted Biden as an anti-Trump vote but are genuinely excited for Ron to run and get this country back on track\n		>The scary thing is that Trump would run again for his own ego before heâ€™d run to help the US again. Put Trump in the senate, I really donâ€™t care. But donâ€™t put him back in the office. He lost for a reason. \n		\n		Bernie wouldâ€™ve lost to Trump by a solid bit though. Socialism is more unpopular than anyone thinks\n			>I was actually very worried about Bernie during the primaries. If he won the primaries and the mainstream Dems were forced to back him, he would've pulled their establishment support and a lot of the young people who are voting Libertarian. I was more worried about him than Biden. \n			\n			To many Dems wanted Trump out.\n			>I only slightly agree. Trump had this country recovering at breakneck speed and we were actually independent and prosperous. We can't honestly say the last 4 years was nothing but an ego trip. Sure, it appeased his ego, but he was also very effective at his job.\n			>Trump won in a landslide. He didn't lose.\n				>We can't really say that until the audits are finished and proof is revealed. There's still a possibility that the audits will show that Biden still legitimately got more votes, even if the margin is smaller than originally stated.\n,1623243487.0,4,homo,no
Conservative,t3_nvv8cb,h15rs2a,>They're trying to make her likeable so when biden passes or is deemed unfit after shitting his pants and saying the n word on national TV they can easily transition her. They didn't even want her to run in the first place now she's poised to be the most unpopular president in modern history.  Horrible time to be alive folks.\n,1623250753.0,4,homo,no
Conservative,t3_nvv8cb,h15iqgz,>Not the job for herâ€¦ obviouslyâ€¦ sheâ€™s an embarrassment, and the laughing stock of the entire world.. cackling & laughing , flirting .. not a good look\nFor the position.. she needs to go\n,1623246900.0,4,homo,no
Conservative,t3_nvv8cb,h15jbwt,>They're doing the GOP's work for them. Making sure that every American sees just much Queen Kamala is in over her head .\n\nPart of me wonders if the DNC already knew that and is trying to clear the road for an actual candidate.\n	>I firmly believe she was picked so they can back door the first female President. We all know Joe isn't going to make it to 2024, so she'll get the office by default.\n		>It'll be great seeing in history books that the first female president wasn't even elected to the position.\n,1623247161.0,4,homo,no
Conservative,t3_nvv8cb,h15z8bg,>I judge people on their actions not their words and she is a bigger liar than slick willie. Not only has she not been to the border to address the crisis there, she has no leadership skills at all...makes me sad the state of affairs in America these days.\n,1623253773.0,4,homo,no
Conservative,t3_nvv8cb,h15otk4,>She was the token minority pick for the ticket after the deep state within the DNC stole away Bernie's #1 spot lol...\n\nThey don't even care about maintaining their narrative anymore because they already did the unthinkable: stealing the election in broad daylight with tech oligarchs de-platforming a sitting president.\n\nThere is no legitimate resistance to them maintaining their stolen power in this 'democracy' where tech companies operate with complete immunity.\n\nThey will still fraudulently win elections even if they look laughably pathetic because a guy in his basement got more votes cast for him in a general election than any president in history... Sure.\n,1623249502.0,4,homo,no
Conservative,t3_nvtlj8,h15qbdi,>Listen up invading tards, I'm going to make one thing perfectly clear:\n\nHCQ was a drug widely available, cheap AF and known to be SAFE when we had nothing available to stop/slow covid.  The FDA rated it safe for long term use even by children and pregnant women.\n\nThere is no question that HCQ/zinc/zithro has a beneficial effect on covid patients.  It may not be a magic pill or the silver bullet that stops covid in its tracks but it clearly has some benefit and little-to-no risk.\n\nWe had something available while we found better therapeutics and chose to prevent it from being used due to politics.  You should all be ashamed of yourselves and the people that made this happen should be in prison or worse.\n	>Amen. No one said it cured everyone, but it did help some. And liberals said even one life matters.\n		>They're also bringing up the supposed side effects of HCQ.  But if you bring up the side effects of the vaccine it's 'worth the risk,' if they even acknowledge them at all.\n,1623250137.0,4,homo,no
Conservative,t3_nvtlj8,h156m27,>'Anything Trump says is 500% false!'\n\nAll the doctors that came out and supported this were called outliers and crackpots.  Anyone else who actually did the research and looked into these things were called conspiracy nuts.\n\nAmazing how many conspiracies from the last year and a half have now been proven to be true.\n	>Which conspiracies from last year were proven to be true?\n	>You know the difference between a conspiracy theory and the truth?\n	\n	About 12 months.\n	>I'm running out of conspiracy theories. They're all starting to be proven true. Not as fun as I thought it would be.\n		>Haha--too true my friend.\n		\n		We still have Romana Didulo claiming to be the one actually in charge of Canada, aliens, Biden clone(s), etc...\n	>The stolen election was a travesty, but at least it's a travesty that shows how dishonest and disingenuous all the positions against Trump were.\n	\n	It's acceptable collateral damage for things to go to shit, as long as Trump is in charge and the results reflect badly on him. Manage to steal the election, though, and that's now all very inconvenient.\n	\n	So now we go back to the original, correct and sensible understanding of the world and act like none of the farce ever happened. Oceania has always been at war with Eastasia.\n	>Remember when the libs said,' hurrr Trump says to stick a florescent light bulb up your ass to cure Corona what a mooooorrrron.' \n	And what he said was about UV light, which is widely used for covid sanitation...\n		>The only thing he said that didn't prove true was how quickly we'd have it under control, and even that is iffy (hard to say how much was reported accurately).\n	>Funny how that happens.\n,1623240734.0,4,homo,no
Conservative,t3_nvtlj8,h15dm36,>This sub needs less liberals invading the comments section.\n	>I agree, anyone who looks at the actual study instead of the headline and then at other related studies and forms a conclusion based on all the information is a liberal.\n		>To be fair, liberals do that exact thing quite often\n		>We all know thatâ€™s not whatâ€™s happening.\n,1623244505.0,1,homo,no
Conservative,t3_nvtlj8,h1562bm,>Neil Cavuto stopped the press conference coverage and cut in to inform his viewers that â€œit will kill youâ€. \n\nHow many deaths are on his head?\n	>He wasn't a governor or mayor who refused the drugs to be ussd\n		>He gave out fake news that directly lead to people not taking a life saving drug. Governors have their own corpses but hydroxchloroquine was known to work; doctors screaming from the rooftops and getting banned and some even labeled witchcraft. The media has a responsibility to us. They donâ€™t get a pass. And that fat fuck Cavuto is as fake as they come. He has as much airtime in TV as gov Cuomo or even Biden will all those lids and days off.\n			>They weren't allowed the prescription\n				>I get that. It doesnâ€™t absolve him of his actions.\n,1623240407.0,1,homo,no
Conservative,t3_nvtlj8,h154rc7,>Just saying...  Doubling my survival chances for a disease that wasn't real in the first place is er um...\n	>You seriously donâ€™t think covid is real?\n	>There are 7 people in my daily life that Iâ€™ll no longer ever get to talk to. Youâ€™re very lucky youâ€™ve been sheltered and somehow not impacted by Covid. Itâ€™s very much real.\n	>It's real but not as deadly as they made it out to be.\n		>> It's real but not as deadly as they made it out to be.\n		\n		...For most people. For those that *do* have problems, HCQ could (have) be(en) a very important tool.\n,1623239611.0,1,homo,no
Conservative,t3_nvug3o,h15ip98,>As much as I like Clarence Thomas, I would hate for this to happen.  Google is a private company and there are alternatives readily available if you don't like them\n\nIts different than the infrastructure required to run natural gas or electricity where it is pointless to run parallel lines to every home\n	>Google has a monopoly on the way I get my information.\n		>In what way?  Duckduckgo is based on Bing, Reddit is hosted by AWS, I use an iPhone, what do they do that can't reasonably be done on a different website?\n			>Who owns Bing? Microsoft\n				>Correct.  None of the companies I listed are Google or owned by Google\n		>Further more it's a monopoly that originated from government intervention in the market...Google didn't develop their GPS systems, they didn't put the satellites in space... The US gov did....\n			>And the government does allow unfettered use of the civilian GPS signal.\n				>My point being is a gov made monopoly is typically so strong the free market cant compete against that, it requires further gov intervention to reverse course\n					>Then why bring up a point that doesn't support your point or isn't relevant to the point?\n						>It is relevant.\n						\n						This discussion is about should further government intervention be used to reverse government created monopolies which is nearly all of our tech companies propped up by the US gov.\n						\n						I support free market enterprise, the US gov putting golden nuggets of technology in the hands of insiders is what the problem is.\n						\n						We are only focused on the indirect impact on us like Twitter censoring and blocking people on a product that was developed by the US gov, then sold off...\n						\n						Another example being Tesla only being profitable because of carbon tax credits.\n						\n						Another example being Amazon only being profitable because of defense contracts and the gov outsourcing it's data centers to them.\n						\n						Gov intervention across the board and all we worry about is saying these are private companies with no ties to the gov and should be viewed as such which is false.\n						\n						I argue the US gov is strangling the free market by putting state sponsored business in place like how the Chinese government does.\n						\n						The only hope we have of combatting government take over of the market place is by using the government to restore control to the market place and not having government chosen men monopolize everything...\n						\n						Ideally we just say get rid of government sponsorship but the technology and market saturation is already in place to keep these monopolies here for decades to come.\n						\n						There is no way to restore free market innovation while government monopolies remove all incentives and dominate the market place because of government contracts bolstering their bottom line from red to black.\n	>There are alternative electric companies. Or alternative internet companies.\n	\n	Ya know. Until there aren't in some places. Sure there are competitors but to deny the issues of algorithm manipulation is absurd. How else do we address those issues?\n		>You address it by using a different search engine that better reflects your needs as a consumer.  DuckDuckGo (partially powered by Bing), Bing, Baidu (Chinese only), Gigablast, or other tailored engines/countryâ€™s engines.  Each of these are powered by different search algorithms in case you object to the algorithms instead of the search engine itself.  If you only object to the engine, then thereâ€™s plenty more out there to choose from.\n			>My needs as a consumer are irrelevant here. Its not about the consumer. \n			\n			The issue is this one search engine is used by lets say a conservative estimate 80% of the country for all their searches. Its likely higher considering 'Google it' is common nomenclature meaning to look something up and Google is the default go to for the most popular browser, Chrome. \n			\n			Anyway. 80% of people use exclusively one engine. And that engine has a bias, but isn't clear about that bias. It actually actively hides that bias from those not paying attention.  So if that search engine has the reach of 80% of the populace, and influences what they see and how they perceive the world and its threats BECAUSE they can influence what people see...\n			\n			You and I and all conservatives changing search engines doesn't fix the issue at hand. The issue isn't that I see news I disagree with. The issue is others don't see legitimate news that disagrees with their preconceived notions. That Google actively suppresses the conservative and any ideas that don't fall in line. \n			\n			Google actively suppressed tulsi gabbard for 24 hours following her debate stage performance. The most critical time after a big TV moment and when people looked up tulsi they couldn't find any of HER stuff but rather other people talking about her. And magically 24 hours later you could find tulsi again. But the time to gain more support had passed. Google literally explicitly weighed a hand in suppressing tulsi in the democratic primaries. \n			\n			Us changing search engines does nothing about the fact that Google can and will influence the electoral process like that.\n,1623246885.0,2,homo,no
politics,t3_nvck8u,h13wgxu,>I know the focus is on Virginia and New Jersey tonight, but something incredible is happening in Mississippi.\n\nDems have flipped multiple Mayor and City Council races, including in Trump-won cities.\n\n[Check out the rundown](https://www.reddit.com/r/VoteDEM/comments/nvkqi4/june_8th_victory_thread_dems_won_big_in/)\n	>This is some of the reasons why republicans are desperately trying to rig the game. They know their days are numbered if they canâ€™t cheatv\n		>In Mississippi? Oh, Republicans have rigged the game there for years. They have no early voting, and you can only vote early if you meet some extremely restrictive circumstances. They disenfranchise felons, they have very difficult voter ID requirements, and they tend to move polling places with no notice.\n		\n		Dems still won tonight despite all that.\n		\n		This is what bothers me about the voter suppression discourse. Voter suppression makes it hard to vote, but not impossible. It's still wrong and I would love to see manor voting reforms passed. But if we don't, it's not the end of democracy. We simply have to work harder to get out the vote.\n			>The voter suppression in upcoming bills is bad, but it's not what's leading to the apocalyptic speech in people who are really looking into it.\n			\n			It's the changes in law like GA and AZ have done so far, with other states like TX following, that take the electoral process out of the Secretary of State's hands and into partisan actors, like either the batshit legislature in GA, or the batshit AG in AZ.  In AZ, they timed the legislation to end when the current Dem SoS's term is over; it's blatant.\n			\n			Beyond that, the gerrymandering in the pipeline will likely give the House to GOP, and it's pretty clear that they won't certify the next President unless they are a Republican.\n			\n			The suppression is bad, but the groundwork being laid for outright fuckery combined with an apparently clear willingness to use it is what's scaring the shit out of us.\n				>Jamey, is that you?\n				>You're right. SoS can just deny Democrat winners of elections. Democracy is dead and we are now as a nation under one facist party rule for the rest of my miserable life.\n					>So this is an idea that's become popular lately. But it isn't true.\n					\n					The legal precedent is clear as day: you can't just ignore the results of an election and seat whoever you like. That's been made abundantly clear over more than two centuries of law.\n					\n					And yes, I'm aware of all the Trump-appointed judges, and the state of the Supreme Court. Remember when they refused to even hear Trump's arguments in November and December? And Trump is their king, more important than any other Republican! It's not as simple as 'we're just going to overturn the election', and never was. If it was ever going to happen, it would for Trump.\n					\n					Now, there's a way Trump or someone similarly awful could win again. It requires no new laws, no brilliant maneuvers, or anything. Here it is: **convince enough people there's no point, then watch them not vote while his base come out to the polls**. That's what worries me, not fantasy scenarios about throwing out elections.\n					\n					Since 2020, Dems have done a lot of winning at the local and state levels. Just last week, they over performed Biden in a race for Congress that the GOP would have loved to win. Last night, they overperformed Biden in a State House race in New Hampshire - despite a bunch if outside spending. (And by the way, NH is under total Republican control at the state level, but they don't seem poised to throw out the result in a race they could've won).\n					\n					Online it looks dark and gloomy. Out in the real world, amazing things are happening. I hope you'll come check it out.\n					>I think doomer points of view like this are actually a form of voter suppression and, whatever your intention is, discourages involvement. \n					\n					If we're just stuck in a fascist tailspin, why even do anything? Which is ridiculous, because there are plenty of reasons to fight and realistically there's lots of tiny little victories happening all over the place.\n	>I think something important about super downballot races that people don't consider is that it's like a farm team for future political talent, and not only that but when it comes to city council stuff, they provide constituency services and often times get a small purse of discrectionary funds to build political power in the community.\n,1623207207.0,4,homo,no
politics,t3_nvck8u,h13zuqm,>I voted in the primaries today\n\n&#x200B;\n\nMy first time ever voting in the primary.\n	>Good, voting is important\n		>No it's not.\n			>Then don't vote.\n	>Congrats! When I first turned 18, I only really knew about elections for the big seats (president, house rep, senator, governor, mayor). And it wasn't until I was a few years older I realized just how many elections could take place every 4 years, and how important the more local elections are.\n	\n	It's also super satisfying when you feel like your vote means something. When I lived in Wisconsin, I helped to elect Jill Karofsky to the WI supreme court, lessening the conservative stranglehold on the court.\n	\n	Your vote matters, and that is true of every single time you vote.\n		>it wasn't that much in the grand scheme of things, but I do remember having voter's paradox completely cured taking part in local elections where the mayor defended their position by 3 votes. even better seeing them the next week walking downtown and having a miniature 'we did it' moment\n	>That's awesome! :D\n,1623209020.0,3,homo,no
politics,t3_nvck8u,h13hdz5,>[same energy](https://imgur.com/a/ZshRuhr/)\n	>Jeez what a fucking sour dude. That is like the worst response ever.\n		>Because of course the threats would have stopped if he achieved higher office, they never happen to higher-ranking officials.  [After all](https://en.wikipedia.org/wiki/2021_United_States_Capitol_attack), [no one](https://www.forbes.com/sites/tommybeer/2020/10/23/teenager-arrested-with-van-full-of-weapons-was-plotting-to-assassinate-biden-prosecutors-say/?sh=1149a5c06de6) [has ever](https://www.npr.org/2020/10/23/927181809/man-arrested-in-n-c-had-plan-to-kill-joe-biden-feds-say) [threatened Biden](https://thehill.com/policy/national-security/538596-north-carolina-man-charge-with-threatening-to-assassinate-biden)\n			>You don't make sense dude.\n		>He turned off the replies too, fuckin coward\n	>lmao yes, seems like it\n,1623199497.0,1,homo,no
politics,t3_nvck8u,h13zhy2,>I'll say a  couple of things about Jack Ciattarelli's win in the primaries.\n\n1. MAGA doesn't have quiet the hold on Republicans that many believe it does. \n\n2. This guy has no shot at being governor...the Republicans might as well have a Scarlett T. They're out of their league.\n,1623208827.0,4,homo,no
politics,t3_nvck8u,h12fs85,>Anyone from Virginia know if there are any notable races to watch?\n	>Good read: [With 17 Va. House incumbents being challenged, Tuesday could be a wild primary night](https://www.virginiamercury.com/2021/06/04/with-record-number-of-va-house-incumbents-being-challenged-tuesday-could-be-a-wild-primary-night/)\n	\n	Prosecutor elections in Norfolk and Charlottesville are also worth watching.\n	>Lieutenant governor sets up a possible front runner for the gubernatorial nomination in four years, and itâ€™s currently unclear who the Dems will nominate for that.  A lot of voters were still undecided in the most recent polling, and the field is quite fractured.\n	\n	Edit: plus, the VA senate has recently passed some notable legislation, including marijuana legalization, through tie breaking votes, so Lt. Gov. is important for that reason, too.\n,1623181800.0,3,homo,no
politics,t3_nvck8u,h13ggz4,>Lee Carter lost both of his races. I donâ€™t know why he ran for governor, even progressive groups didnâ€™t waste their time because they knew it would have been a lost cause\n	>big L for carter LMAO. Seems like, even if he manages to pull away by some miracle, he's still not hitting a majority.\n	\n	yikes\n,1623198989.0,4,homo,no
politics,t3_nvck8u,h13wo1b,>> A sizable wave of voters had cast ballots early â€” more than 118,000, or at least four times the number of early voters in the 2017 primary election, according to the nonpartisan Virginia Public Access Project.\n\nThat's a good sign\n,1623207315.0,3,homo,no
politics,t3_nvck8u,h12x8bl,>I voted this morning. Voted for McAuliffe. Virginia is still purple enough that I'm not comfortable voting for the more progressive candidates. Safe and boring keeps the crazy away.\n	>This is why ranked choice voting needs to be a thing\n		>Even with ranked choice voting I'm pretty sure McAuliffe would win. He's still pretty popular and things are going relatively well in the Commonwealth to the point where I don't think most people want any radical changes.\n			>Sure, but then you wouldn't have to be afraid of 'wasting' your vote for your favorite candidate.\n	>The primary is exactly when you should be voting for the candidate that reflects your views the most...\n		>Iâ€™m pretty sure a socialist wouldnâ€™t win in Virginia.\n		>No, the primary is for choosing the candidate for governor with the hopes that they become governor.  Taking into consideration whether that candidate can do well in the general election is a reasonable thing to do.\n			>Well then you just played yourself\n				>There are dreamers and there are pragmatists. Youâ€™re a dreamer. We need you. Youâ€™re the conscience of the party. \n				\n				We also need to drag half the country out of the Bronze Age. Itâ€™s about damage control.\n					>>Youâ€™re the conscience of the party. \n					\n					They're not. If anything, they keep dragging everyone down because they can't shut up about things not being better *now* like Dudley Dursley on his birthday.\n	>Copying my comment I posted somewhere else:\n	\n	>In 2017 Lee Carter won in a district that had a 10-year GOP incumbent who won with +17.6% in 2015. Carter won that with +8.8% as well.  \n	>  \n	>It's such a myth that progressives can't win purple states. Lee Carter is one of those people who could really get working-class republicans motivated to vote for him, regardless of the (D).\n		>>  Lee Carter is one of those people who could really get working-class republicans motivated to vote for him, regardless of the (D).\n		\n		Funny how his district just blew him out of the water then.\n		>Doesnâ€™t Carter systematically underperform moderate candidates in elections? Of course that seat flipped 2015â€“>2017\n		>You still peddling this even after dude lost twice in one night?\n		>He represents Manassas. Anyone with a D next to their name was going to win that district in 2017.\n			>>In 2017 Lee Carter won in a district that had a 10-year GOP incumbent who won with +17.6% in 2015.\n			\n			All the data shows that district has had a significant Republican lean before Carter. A shift that big can't just come out of nowhere.\n				>It didnâ€™t. It came from the suburban backlash to Trump. If Carter was such a god-tier candidate, why did Northam do significantly better in the same district than he did?\n					>And why is Carter doa this year lol\n						>any chance for a carter comeback? It looks like he might be done at this point in his seat\n						\n						lmao, that makes 2 Statewide hopefuls losing their own seats\n							>> any chance for a carter comeback?\n							\n							I hope not\n								>same, if just so that people stop parading the Manassas swing as proof of anything lol.\n				>Manassas. Just outside the beltway in northern Virginia. In 2017, the year after 2016. The 2016 when Trump was elected. It was a blowout for Democrats. \n				\n				Youâ€™re not convincing anyone.\n	>>Safe and boring keeps the crazy away.\n	\n	8 years of Obama lead to Republicans easily winng the House and Senate, as well as 1000 seats across the US. Safe and boring is uninspiring and has a track record of giving Republicans more power.\n		>Obama wasn't boring to Republicans...he was an existential threat to everything they believe in.\n			>He was boring to Democrats, who weren't very motivated to go to the polls except in 2008, when Obama was running as a progressive with all that 'hope and change'.\n				>I would say it was Hillary that was boring. Not Obama. Consecutive terms would support that trend as well.\n		>Daring to elect a black man led to 12 years of absolute Republican luncay. They stonewalled every Democratic initiative. Obama was hope and change and they screamed and cried and dog whistled until he was out of office. â€œEvil Godless Democrats!â€ Obama was too radical. Hillary in 2008 would have been too radical. \n		\n		Half of the country is stuck in the Bronze Age and the middle 10% is so out of touch it canâ€™t distinguish a lollipop from a butt plug. \n		\n		Itâ€™s a zero sum game, you either get the best Democrat reasonably electable or a fascist nutter.\n,1623189524.0,2,homo,no
politics,t3_nvck8u,h13ifg1,>[Lmao what an asshole](https://mobile.twitter.com/carterforva/status/1402423090966151176)\n	>did he turn of replies LMAO\n	>'I hated my job, it was too stressful. Also I wanted a huge promotion 24 hours ago'\n		>my job was so bad when I was a State Senator\n		\n		&#x200B;\n		\n		&#x200B;\n		\n		&#x200B;\n		\n		can I has governor pwease o\_o\n			>Didnâ€™t even make it to the Senate lol\n				>Not much to 'make' lol, both only pay fucking $17K/yr\n	>Jesus well I was certain McAuliffe would win, but I voted for Carter solely on his positions and now I regret doing that lmao\n		>I almost voted for him b/c of some of his positions but in the end I decided not to with some small regrets. Well not anymore.\n			>I don't let character defects that minor affect my support for someone who's polices could benefit me that greatly. I just don't have that privilege\n	>Hello there\n		>General Kenobi?\n			>You are a bold one!\n	>Because he doesn't enjoy assassination threats to his family?\n		>Yeah, because heâ€™d totally receive fewer threats as Governor. Thatâ€™s how it works, right?\n		\n		Face it, heâ€™s just salty that he lost.\n,1623200016.0,4,homo,no
politics,t3_nvck8u,h12r63k,>Going to vote Jennifer Carroll Foy for governor (I'm well aware that Terry's got it in the bag, but she's nice), Sam Rasoul for lieutenant governor (he's probably the most sensible and progressive candidate there -- I'm not saying that he's the only choice, but I figure he's the best one -- and it's good to have representation from the western part of the state), and Mark Herring for attorney general (I'm not super enthusiastic about him, but he hasn't made a complete hash of things so far, and I feel Jones has been disingenuous about his platform -- not that I particularly care about how this particular primary ends up, neither choice would be a disaster or anything).\n,1623186757.0,3,homo,no
politics,t3_nvck8u,h12xrnw,>What am I, PA?\n\n-New Jerseyans seeing this thread\n	>Agreed, it wasnâ€™t surprising how Phil Murphy ran unopposed for the Democratic primaries, given how his two challengers were weak & failed to muster support. Given the stateâ€™s demographics and recent election results, itâ€™s almost certain Phil Murphy will win re-election.\n	\n	The Republican candidate most likely will be Jack Ciattarelli, but unless if Phil Murphy gets into some political drama or something else, itâ€™s a fat chance he loses.\n		>As long as it isnâ€™t that dipshit Singh\n			>He finished in third...which is not a shock.\n	>You mean, the most decisive, most watched state in the 2020 elections? Nope :P\n,1623189774.0,3,homo,no
politics,t3_nvck8u,h12gqqu,>Really interested to see how the races shake out.  The Lt. Gov race especially since its so wide open, and the Gov race just to see if anyone can overperform and get reasonably close to McAuliffe.  I am hoping maybe, just maybe, McClellan can pull off a major upset but a good showing would be fine, given that McAuliffe has all of the name recognition\n,1623182204.0,3,homo,no
politics,t3_nvck8u,h13drqg,>Lee Carter in danger of being primaried\n	>lmao yep. He's still down a couple points it seems\n	\n	guess we'll see lol\n	>Damn that sucks, he was doing good things. It sucks to lose one of the few elected socialists.\n		>Another one was apparently elected tonight though, so it's a wash, and Carter had baggage according to another poster\n			>That's nice at least.\n,1623197630.0,3,homo,no
politics,t3_nvck8u,h13ttcs,>None of the candidates I voted for won (even at the local level) but everyone I expected to did.\n	>Never give up.  Never surrender!\n,1623205830.0,3,homo,no
politics,t3_nvck8u,h12hivm,>Voted McAulife and Ayala\n	>Good job voting for 8 figure net worth McAuliffe. Shaming tech grads everywhere\n		>I donâ€™t care what he is worth I care what he will do as Governor... and since I know what he will do based on his last time as Governor he earned my vote.\n			>Pro corporate Clinton ally that wooed Nestle's headquarters from CA to VA. Good work. Clearly your discerning vote was well won\n		>Agreed. Anyone worth that much should retire, like Bernard from Vermont.\n			>Yes, an 80 year old worth $2 million dollars. Not like that's totally normal for an American adult or anything. Totally comparable to McAuliffe who is worth about 20x that.\n				>All 8 figures are not alike!!  Got it. Maybe we should go by houses owned!\n					>Bernie is worth 7 figures, like millions of others his age in this country. I for one am shocked to find a totally clueless centrist in the wild.\n						>How dare that even liberal fraud have barely enough to retire after working his whole life in service of americans!!!!\n						/s\n						>So millionaires are a-ok. Good to know.\n							>Lmao imagine my absolute shock to see a liberal as equally bad faith and simple as a republican. America the beautiful\n								>Imagine my shock when your boy used to deride millionaires and billionaires until he became the former. Now itâ€™s just billionaires. And you go right along with it because you have no principles.\n									>Yes it's definitely not that the American economy is massively inflated and nominally being worth 7 figures isn't comparably that much.\n									>[removed]\n					>2 million would be 7. Counting not your strong suit is it?\n					\n					20 = 8\n					\n					2 = 7\n						>Yeah my bad. Now address my other point:  why does Bernie only deride billionaires now since, checks notes, becoming a millionaire?\n							>He doesn't. Stop reading right wing propaganda.\n								>Riiight. You mean to tell me his stump speech never used to rail against millionaires and billionaires??  But then that suddenly changed in 2020.\n									>Literally a five second google search is all it takes to find him criticizing millionaires in 2020. Turn off the Fox News and do research on your own, you'll be shocked to find Tucker Carlson is actually full of shit.\n									\n									\n									https://twitter.com/sensanders/status/1230121606703468546\n			>https://www.youtube.com/watch?v=9XEnTxlBuGo\n,1623182526.0,1,homo,no
politics,t3_nvck8u,h12ns0f,>Who should I be rooting for as someone that is a progressive? Not in Virginia though.\n	>If you're not in Virginia, stay out of it.\n	\n	People seriously need to stop nationalizing local and state races, just because it's the one political horse race in season right now.\n	>The winners were effectively already decided, sadly.  On the plus side, they will probably win in the general and that's much better than you would have expected if you lived in VA 25 years ago.\n		>Itâ€™s more than you would have expected 4 years ago, when VA was still considered a challenging state for either Party to win in.\n	>Governor: Jennifer Carroll Foy or Jennifer McClellan.  Both truly excellent candidates and it's a shame McAuliffe is successfully running again.\n	\n	Lt Governor: Sam Rasoul\n	\n	Attorney General: I voted for Jay Jones, not super sure on his positions other than getting a progressive vibe but Herring has to go after the blackface photos.\n	\n	&#x200B;\n	\n	ETA: I love Lee Carter but he's polling at like 1%, no chance.\n		>What's the harm in supporting a losing candidate in the primaries. It shows progressive support. I seriously do not understand that logic - at all.\n			>I'm not saying there's harm in it necessarily but if all it was just one progressive vs McAuliffe, the progressive would be winning.\n				>No they wouldnâ€™t...McAuliffe won over 60% of the vote. Even if there was only one progressive, they couldnâ€™t mathematically get over 40%.\n					>Yeah I guess he gained since the last polling numbers I saw\n				>would they? TMac seems to be flattening progs rn\n					>What can you say, there's nothing Democrats love more than a rich, politically connected old white man\n	>Lee Carter\n		>My gf was gonna vote for him but I convinced her to vote for mcauliffe since he has a better chance of winning\n			>I went around in circles over this and ultimately didn't vote since I decided I wasn't informed enough about the candidates to pick favorites. It was harder to research than I thought since there are many of them.\n			>Yes keep spamming this in the thread.\n			>Yeah thatâ€™s also why I voted for Trump in 2020, since he had a 100% track record of winning elections.\n			\n			Imagine the embarrassment if I voted for someone I believed in instead of who I thought had the best shot!\n				>Actually...he unsuccessfully sought the Reform.Party nomination years ago. Now has a 33% success rate.\n				>What? I'm talking about voting for the candidate that I thought has the best chance of winning\n				>He lost like 3 time before dude. He had been running for POTUS forever. He ran in 08 too that is why he hated McCain, that is where he hooked up with Palin's manager, Steve Bannon.\n					>Implying those were real runs. Also excellent catch on the farcical response.\n						>Do you think sandy's runs were real?\n	>We have a guy in manassas  that pretty awesome but the va dnc. Just like Bernie did everything to bury him .\n		>He buried himself, the VA DSA wouldnâ€™t endorse him.\n		>Pesky voters!\n		>Trump ðŸ¤ Berners\n		\n		'they stole the election!!!'\n	>lee carter\n		>I have bad news for you...\n,1623185263.0,2,homo,no
politics,t3_nvck8u,h12qgbq,>My girlfriend and I just voted after work. I managed to convince her to vote for mcauliffe and ayala like me. She was originally going to vote for lee carter but I told her he wouldn't stand a chance of winning and she switched to mcauliffe because he has statewide success before\n	>Too bad. If she believes in Carter let her vote for Carter in the primaries. The general is where we come together.\n		>It's not like I forced her or anything I just explained why I thought mcauliffe was better and she agreed\n			>I mean the only reason you said above -  that I can go on - is you said he had a better chance of winning. That argument wouldn't sway me in a primary contest.\n				>Good for you?  Apparently it swayed OP's GF.  What's wrong with that?\n				>Good thing you aren't 51% of the voters\n					>I was trying to pry more into what your reasoning for voting Mac over Carter really was. But yes, it is too bad that the majority of voters care more about being on the winning side than picking the candidate that would best represent them.\n					\n					Jesus.\n						>Well yes? I obviously want a candidate with the best chance of winning in the general. If a candidate represents me 100% but can't win and another candidate represents me 80% but can win, I'll go with the 80% candidate\n	>Damn. Sucks your girl just caved like that and voted your vote. Itâ€™s like you got 2 votes. Why the fuck didnâ€™t you vote for who the hell SHE wanted?\n		>She changed her mind. It happens occasionally when people hear differing perspectives and reasons.\n		>Because his girlfriend agreed with his perspective after he expressed it?  As a progressive, I don't really see why only we should get to advocate for candidates and argue on their behalf\n			>Nobody needs to be advocating for anybody. Seems like his girlfriend had an educated position and was coerced out of it.\n				>Please cite the evidence that his girlfriend's prior support of Carter was more 'educated' than her final support of McAuliffe.\n					>She didn't know anything about carter, her friend just said to vote for him. I explained some of his positions and how he wasn't well set up to win statewide and she changed her mind\n						>So pretty much the exact opposite of what she was accused of...lol\n							>I mean I was right lol, carter couldn't even win a primary for his own house seat as an incumbent this year\n	>In 2017 Lee Carter won in a district that had a 10-year GOP incumbent who won with +17.6% in 2015. Carter won that with +8.8% as well.\n	\n	It's such a myth that progressives can't win purple states. Lee Carter is one of those people who could really get working-class republicans motivated to vote for him, regardless of the (D).\n		>And here in 2021 [Lee Carter may be about to lose his own damn primary as an incumbent](https://www.vpap.org/electionresults/20210608/house-district-50/dem/)\n		>'purple' Biden won that district by 20 points. I appreciate carter winning the seat, but 2017 was a blue wave for the Dems while 2015 was a red wave piggybacking off 2014. Carter was running in a seat that would go d+20 in the governor, senate, and presidential races.\n	>bullying your girlfriend for her vote is kinda gross dude\n		>Having a frank and open discussion about your perspectives isn't bullying.\n	>Its a primary not a horse race, vote for your values not for a likely winner\n,1623186429.0,1,homo,no
conservative,t3_nvtzcg,h156nl7,>Good job young man. Voices like yours will protect many others.\n	>AMEN! I agree! I hope they keep up the good work! I see your flair says Florida conservative, I'm from Tampa Bay, currently live in this shithole they call michigan ðŸ˜©\n		>What part of Michigan? I'm guessing eastern since you're referring to it as a shithole\n			>Actually mid michigan, Lansing/Jackson area but it's a shithole here too! The roads are trash and our POS Governor 'Whitless' is right here since the state capital is Lansing lol I can't stand that witch!\n				>Macomb County and its awful here. We had a 'COVID Task Force' who comes to parties and tries to break them up\n					>Yeah the only part of Michigan I ever see is west and southwest. St Joe/Niles area...\n					\n					A damn task force would get shot\n						>Try the Upper Peninsula (the 'U-P'). They're even more independent up there.\n						>Oh yeah! I like those areas of Michigan, lots of nice scenery. Yeah they'd be wise to not bring a task force in that area for sure! Lol\n	>This is true bravery. Not the status quo â€œbraveryâ€ that is players my the left and the media\n	>ðŸ‡ºðŸ‡¸ Barack and Michelle Obama ðŸ‡ºðŸ‡¸\n,1623240759.0,4,homo,no
conservative,t3_nvtzcg,h15aqjp,>I have followed CJ for awhile now. He is an impressive, dare I say, kid.\n	>Not long enough, apparently.\n	\n	Iâ€™d let him finish growing up before celebrating him; heâ€™s already been through full grift cycles. Became famous for alleging that Obama had blocked him on Twitter but it turned out he was lying. Was hired as Ted Cruzâ€™ youth director out of that. Turned himself into a consultant and scammed a bunch of money out of other young Republicans that wanted a national voice like he had, doing virtually nothing to help them but taking their money anyway. When that came out, he was fired. Then he dropped out of Republican circles and went to work for Bernie Sanders as a youth person. Dunno what happened there, but now heâ€™s back as a Republican activist. \n	\n	Kidâ€™s young, so Iâ€™m not going to hold ancient behavior against him for forever, I just think heâ€™s still young enough that his history warrants a bit of caution.\n		>Wow, I wasn't aware of that at all. That's crazy. How can you consider yourself a conservative and support Bernie Sanders? lmao. Kid is obviously a little confused and maybe is still trying to find his own identity.\n			>Itâ€™s easy if you have no principles and are just out for yourself.\n				>Or, if you are young and malleable and susceptible to any new idea that sounds like it's a good one at face value.\n					>Certainly but it seems like his goal is not the cause, but rather money and clout.\n						>Thatâ€™s quite the assumption\n							>One assumption deserves another.\n					>Or you are a grifterâ€¦.\n				>I think that qualifies him as solidly conservative.\n		>Yeah, I would be cautious with him. He's as fickle as the wind.\n		>That smile is pretty infectious. Must be crazy to have that much charisma.\n		>Do you remember why he renounced conservatism, and how old he was? That was 5 years, maybe a little more. He was 13 I think. At the time he was taking flak for being a black conservative, even only at 13. He was getting hit left and right with 'why are you standing up for the racist party.' type things. A popular 13 year old 'youtube star' in politics getting blasted because he is a conservative black kid on a liberal medium. Of course he questioned what he was doing!   \n		\n		\n		And let's be honest, what 13 year old, even in politics, doesn't find Bernie Sanders fascinating. The dude has great promises and makes it sound like he can usher in a prosperous future. Of course he was drawn to that. Did you ever think that maybe Bernie is the reason CJ ended back on the Republican side?\n		\n		So many teenagers who are conservatives are constantly surrounded by hostile politics. Think of all the liberals around them. School, media, video games, and friends. The fact that he dabbled in another ideology, let alone a super popular one at the time, is not unheard of at all. In the past 3 years, he has been a good voice for Republicans.  \n		\n		One more thing, he did indeed do everything you said, but I tell you what, all those things are very huge characteristics of a politician. Possibly a good one, but we will see. We all make mistakes, especially as kids. So far, his mistakes are very forgivable and can be chalked up to learning experiences. To my knowledge, he has not replicated any of the bad mistakes.\n			>I think flip-flopping and grifting makes a terrible politician. He has charisma and confident speaking skills, which make for smooth politicians, not necessarily good legislators.\n			\n			I specifically noted that I wouldnâ€™t hold it against him forever and that Iâ€™m not saying he should be blackballed, just that an ounce of caution is warranted considering his history and that I think he should be given the grace of anonymity to finish growing up/figuring out what he actually believes. Money talks. He clearly knows that. Itâ€™s a lot tougher to be certain of his political convictions when heâ€™s not been consistent through obscurity or difficulty.\n			\n			Maybe he will be consistently conservative the rest of his life. Only time will tellâ€” and thatâ€™s all Iâ€™m saying. Donâ€™t celebrate him yet. Be cautious. If heâ€™s still consistent in five years, then Iâ€™ll be much more willing to count his young missteps as just that.\n	>He's way too grown to be called a kid... Guy is a leader at minimum, and yes, I've followed him for awhile now too.\n		>I 100% agree. He has done a lot of work, but is still 18 (19 at the end of July) and going into his sophomore year. Dude can't even have a beer after a hard test, or a rough election cycle. I know I would buy him a beer!\n,1623243039.0,3,homo,no
conservative,t3_nvtzcg,h15b4f7,>Roll Tide to this guy! He may not represent Bama but heâ€™s definitely doing good for her ðŸ‘\n	>Why does he not represent Bama?\n		>This is based on the assumption that most colleges/universities are predominantly left-leaning. I didnâ€™t actually go to Bama, but I did graduate from one of its sister schools and the UA system is by-and-large left leaning even if less so than most other colleges.\n			>Thanks for clearing that up. I've never been to Bama and I didn't want to make assumptions.\n			>Oh man fuckin Auburn is so left biased its ridiculous, absolute embarassment\n		>He probably means doesnâ€™t represent what the whole university thinks.\n		>Because his family tree isnâ€™t recursive\n,1623243243.0,3,homo,no
conservative,t3_nvtzcg,h15y115,>If you go down the rabbit hole of CRT you will soon start to notice the many lies it teaches. Itâ€™s all about guilt and how much you should wear that guilt in every social scenario. Iâ€™m glad this young man is fighting back and we need so many more like him to step up.\n,1623253295.0,4,homo,no
conservative,t3_nvtzcg,h1645s0,>I see a lot of these articles posted here from states that are solidly red.  Which is good.  I'll be a bit more enthused though when I see a blue state take this opinion (though I doubt that will happen).\n,1623255720.0,3,homo,no
conservative,t3_nvtzcg,h15i1b7,>Read the CRT book so many untruths, assumptions, parables, its bs. A very complex convoluted THEORY.  IF I still had kids in school, I would NOT allow teachers or school admin to decipher and decide what theoretical points they will 'choose' to 'teach' my child! Let's focus on math, sciences, computer skills, life skills, handling money etc\n	>If you look at any state's standards, you won't find CRT. Teachers don't have much time for anything other than teaching to the test.\n	>Hey what book is the â€œCRTâ€ book? Iâ€™ve got kids starting school soon and I want to read up on the curriculum, but havenâ€™t found much apart from the major anti racism books.\n		>Google it...there are many available on amazon also a website; critical race theory-eric, that discusses the 5 primary points of CRT. The original authors of crt are lawyers...so it focuses on who owes who (money basically)...but this Theory has evolved, been discussed, added to, changed in the approx 40 years that it was 'developed as a theory'. The point is children are being taught who knows what 'info' , from what source, as interpreted by?? Its a voluminous CRT portfolio...again it's bs\n			>If you are gonna critique something, do not lie. I do not believe you have actually read anything on CRT. It was not originally legal documents about who owes who money. That's complete nonsense. These issues are not about who owes who money anyways, it's just another lense to look at our problems and how the current system reinforces some unfortunate racially biased tendencies.this stuff really isn't that scary and you guys just kind of blow it out of proportion.\n	>What book? Itâ€™s a whole field of fake study...\n		>'Manifesto, paper, book, document' whatever you want to use, there are books available...\n	>AMEN.  There are things that should be taught in schools, and there are things that should be taught at home by the parents.  I whole heartedly agree with you.\n		>Works for religion too\n			>Where does this happen in public schools?\n		>[removed]\n			>Why are you asking this question?  What is your angle, here?  It should be quite obvious the subjects that schools should be in charge of teaching, and the subjects that parents should be responsible for here.\n			\n			\---edit---  I can see that the miserable brigaders and the bots are here in droves again.\n				>I am agreeing with you. there are some things that are best left to learn in the home. and anything more intelligent from decades/millennia of studies than growing up on a farm with the same 10 people in your whole life will teach you. like economic theories vs where you place the fork on the dinner table.\n,1623246591.0,1,homo,no
conservative,t3_nvtzcg,h15re9j,>Yeah but why does one kid saying America isn't systemically racist take precedent over thousands saying it is ?!\n	>Because he's the one who is right\n		>Well time to highlight this blue and call you BASED, \n		r/politicalcompassmemes here I come!\n	>Depends on how charismatic the person is of course. Some voices just hit louder.\n	>Because our black friend said so\n,1623250594.0,1,homo,no
conservative,t3_nvtzcg,h15lzjh,>We all need to be as vigilant as this young man.  Those of us who truly understand what CRT is trying to state about our country know the dangers.  We have to do our part to wake up those who think there is no difference between equality and equity.\n,1623248310.0,4,homo,no
liberal,t3_nvsgr2,h15d2jb,>This would be a huge red flag to me if I were a defendant. I suspect they would shape my defense to protect the former president as much as possible and not necessarily in my best interest.\n	>Lol yup. I expect thatâ€™s part of the plan. \n	\n	â€œBut wait,â€ you ask, â€œThey are his clients, not him! How can he?â€\n	\n	Lol as if a lawyer who represents Trump would have any ethics left in the drain. Absolute sleaze.\n	>These defendants are not very good at detecting red flags, though. Else, they wouldn't have supported Trump or found themselves in the middle on an insurrection on his behalf in the first place.\n	>At what point has *any* of these people given you reason to give them the benefit of the doubt? They lost it long ago for me, and haven't earned it back. This seems part for the course - calculated manipulative corruption from the leadership and idiotic acceptance of terrible premises by the supporters. They have a religious faith in him, in that 'faith' requires one to continue to hold a belief *despite* evidence to the contrary - in fact, one is considered all the more pious for staying true to this idea.\n	\n	They literally co-opted a millennium of religious indoctrination for political purposes.\n	>Bingo\n,1623244232.0,4,homo,no
liberal,t3_nvsgr2,h15ep43,>Wow, just what the fuck are these lawyers hiding?  Are they culpable or just protecting a bigger upstream fish?  Maybe an orange colored clown fish.  An orange colored clownfish with a bad toupee?\n,1623245034.0,4,homo,no
progun,t3_nvyepd,h160kno,>This is the big joke here in Canada as well, that all our guns were lost in boating accidents, or we sold them to Mike in Cranmore. Mikes got more firearms than our military at this point.\n	>I sold all my guns to Mike a long time ago! \n	\n	Nice guy. No idea where he gets all the cash for it.\n		>Wait he gave you money? We just exchanged...\n		\n		Ahhh, well I got screwed...\n		\n		Well, I mean...\n		\n		Listen, I can explain...\n			>> We just exchanged...\n			\n			Beaver pelts and maple syrup?  (are these taxable in Canada?)\n			>[Is this your explanation?](https://www.youtube.com/watch?v=QBlyTqlPYUE)\n,1623254296.0,3,homo,no
progun,t3_nvyepd,h163n57,>Yes, it's a joke, but the point of the joke is, few people are going to turn their guns in.\n	>And the ones who doâ€¦ deserve whatever happens next.\n		>And thirdly, no one is coming for your guns. Quit cosplaying as revolutionaries when you're just a fork lift driver at a shitty warehouse.\n			>They aren't trying to take our rights, they are coming to take your rights. We are just the people in the way\n			>That's right, nobody's coming for our guns......... unless they're suicidal Batchelors.\n			>r/NOWTTYG\n,1623255513.0,1,homo,no
progun,t3_nvyepd,h16bc95,>'If it's time to bury your guns, it's probably time to unbury & use your guns.'\n,1623258568.0,4,homo,no
progun,t3_nvyepd,h15zb5m,>If there's tyranny in a country, believing you're ok 'cause you're telling [any] ATF 'sorry but .. boat accident!', is imho simply not in touch with reality.\n\nTrue 'tyranny' wouldn't give a flying fuck for 'due process' and similar trivial stuff. If it's in their records that you are a gun owner, failure to provide guns would definitely not end with a Federal agent's 'sorry to have bothered you sir/ma'am'.\n\nIt's a joke, ok, but keep repeating it and it turns quickly into a bad one.\n	>Virgin boating accident excuse vs Chad non-compliance\n	>Chill out lmao. Its not that big of a deal\n	>This boat joke shit is equivalent to white girls and pumpkin spice lattes.\n	>Most people at first anyway they won't care about.  They will be watching for anyone to make themselves a target then the Feds will come down on them with both feet hard to be an example.  And your whatever resolution your State makes to not enforce 2A infringements won't save you because the ATF won't need them to make a few examples (they did this in Kansas).  \n	\n	Everyone making flippant comments should realize that.  I am 100% on board this is all bullshit but anyone without the means and will to fight it personally needs to lay low and back anyone financially who is targeted and willing to fight back.\n,1623253803.0,1,homo,no
progun,t3_nvyepd,h1685fa,>If itâ€™s time to lose them itâ€™s time to use them.\n,1623257296.0,4,homo,no
progun,t3_nvyepd,h164syy,>Can someone give a realistic perspective to this. How does one actually, legally, use this argument?\n	>It's an old joke, I wouldn't think to hard about it.\n		>I knew that. Always heard it as that. \n		\n		Maybe itâ€™s time we stopped joking, and actually shared real, legal methods of avoiding the grabbers.\n	>You don't\n	>Think of it as claiming you'll use a meme as a legal argument.  Most will know you're just being funny but there's always a few who won't then argue the particulars on how it would or wouldn't work, to the amusement of everyone else.\n,1623255981.0,1,homo,no
progun,t3_nvyepd,h15wkr2,>Welp demo ranch just lost one. I hate that stupid joke I'm so sick of it. Stand up for your rights stop just pretending this gross over reach is not a problem and is just a joke.\n	>Wym he lost one?\n		>Lost a subscriber\n	>If you think it's time to hide them, bury them, or lose them in a boating accident then its fucking time to use them. I'm sick of it too, it's not funny.\n		>Exactly, I believe the time is coming very soon with the new ATF director. I think itâ€™s time to start thinking logistics and formulating a plan.\n			>Join Deterrence Dispensed, they are doing work to make sure people all over the world (especially Europe) are able to build their own semi automatic rifles with 0 actual gun parts. \n			Fuck gun control\n				>The thing is, how does someone even start that? I really donâ€™t want to spend the rest of my life in prison for insurrection\n					>Live free or die\n					>Worked in prison. I couldn't imagine ever being there all day everyday. They can't punish a corpse. If it comes time where they are imprisoning people for ownership of firearms - prison will be the least of your worries. Just being associated with the idea of firearms ownership will probably be enough. I'm sure some people.. like range owners and gun dealers will be able to trade information for freedom. Think the war on drugs, lmao.\n					>I think as a first step we need a public figure who isnâ€™t scared to promote riots/unruly protests. I doubt weâ€™ll get anywhere by playing the legal game.\n	>You want him to get into a gunfight with the ATF when he has a family in his house?\n		>No but he has FAAAAAAAR more influence on what is going to happen than anyone of us. I want him to use that influence to help gun owners, not tell the ATF they can do whatever they want and we will be quite and accepting\n		>Dude's got a bunker in his mountaintop mansion, they'd literally need an F16 to take out his puppers.\n	>*BASED and BOAT PILLED*\n	\n	ðŸš¤ðŸš°ðŸ”«ðŸ†\n	>the guy has such a large platform has done NOTHING to help secure our rights. Garand Thumb has better content anyways and gives a shit unlike these types that just leech off of 2A\n		>They hated him because he told them the truth.\n		>His whole schtick is pushing mobile games and shooting phone books and other household objects with a 50 cal\n,1623252710.0,4,homo,no
progun,t3_nvgc6o,h13nujb,>Thanks, Forbes, for going out of your way to make it look like anyone who thinks more gun control is coming from Uncle Joe is a paranoid conspiracy theorist:\n\n> Many Americans are also trying to stay ahead of the gun control plans of President Joseph Biden, **a Democrat and gun owner** who intends to crack down on the **military-style semiautomatic rifles known as assault weapons or modern sporting rifles, and the high-capacity magazines that go with them.**\n\nEmphasis mine. \n\nShame on them.\n	>I thought this was Forbes.\n		>You're right, I opened the link then went for a run and and it looked similar to Reuters's formatting. My bad.\n			>NP, I usually expect Forbes to be more center-aligned as well. Half of my news is financial because I like the lessened bias/need for entertainment value included in the reporting.\n				>Honestly Forbes is a big steaming pile of shit. It's nothing more than a glorified blog host, they'll let anyone and everyone write whatever they want.\n				>Forbes is owned by a Chinese media company. Thatâ€™s why a lot of their stuff has been coming from left field.\n			>Same monkeys, same different circuis.\n	>Joseph?\n		>itâ€™s kingly. ðŸ¤¡ theyâ€™re trying to prepare us.\n			>Or worse, saintly.\n			>Totally, what with all those caravans of trucks flying Biden flags, and hats and shirts, and replacing the democratic party platform with straight loyalty to Biden.\n				>barking up the wrong tree here pal. I didnâ€™t vote for either of them.\n					>Good. \n					\n					Too bad 1/2 of the country loves King Trump and I donâ€™t see the kind of worship on the left for Biden.\n						>no? maybe people arenâ€™t waiving flags, but the press sure is trying to paint him in an historical context. head over to /r/politics to see even more fawning of him. \n						\n						https://i.imgur.com/7a3y0ux.jpg\n							>https://www.newsmax.com/wayneallynroot/trump-white-house-hanukkah-party-israel/2019/12/20/id/946799/\n							\n							But tell me these guys donâ€™t look like theyâ€™re in a cult:\n							\n							https://cdn-vox--cdn-com.cdn.ampproject.org/i/s/cdn.vox-cdn.com/thumbor/45Py2ci05AXjn_mT0QCoJg6KNnc=/0x0:3000x2400/1400x1050/filters:focal(1260x960:1740x1440):no_upscale()/cdn.vox-cdn.com/uploads/chorus_image/image/68674048/GettyImages_1294943388.0.jpg\n							\n							https://cdn10.phillymag.com/wp-content/uploads/sites/3/2020/01/donald-trump-wildwood-rally.jpg\n						>Probably because nobody likes the old cunt.\n	>as with most media, the world seems like it would be a better place if Forbes was hit by an airstrike.\n	>As a gun owner, we are disowning Joe Biden. He's not a gun owner.\n		>Thatâ€™s funny, heâ€™s not Catholic either.\n			>Also true\n	>> Shame on them.\n	\n	I'm actually impressed that they're at least acknowledging there are two sides to the debate with the inclusion of the 'modern sporting rifles' bit.\n,1623202819.0,4,homo,no
abortiondebate,t3_g5nju6,foj7gzr,>Well thought out and written. I appreciated the Tone# section especially. It isnt that hard to word something as ''I think this stance is stupid'' vs ''I think you are stupid for taking this stance.'' Attack the argument, not the person. Avoid using the word you as much as possible. Unless to compliment lol.\n\nYou do a really good job at this in your responses, I have noticed. people could learn from you.\n	>I personally am not immune to being frustrated with people, but I have learned to understand that we cannot view people based on only one belief or characteristic.  \n	\n	I used to believe the death penalty was okay.  Now I don't.  I didn't really change personally very much, I just realized that the reason I thought the DP was okay, even desirable, was inconsistent with my core values.  \n	\n	If a person against the DP had constantly told me I was a terrible person for supporting the DP, I may have felt defensive and dug in.  \n	\n	In some forums, people are there to vent, and sometimes that goes over the top.  Here, however, people are supposed to be engaging as intelligent people.  The sort of behavior range I may tolerate on /r/prolife (even if it personally makes me uncomfortable) is not appropriate here.\n		>> If a person against the DP had constantly told me I was a terrible person for supporting the DP, I may have felt defensive and dug in.\n		\n		Exactly because at that point one wouldnt be being asked to respond to the logic related to supporting the death penalty, they would be being asked to respond to a challenge against their character and morality.  \n		\n		Couldnt agree more with all of what you said.  \n		\n		Thanks for being such a good mod and good debater!\n,1587811417.0,2,homo,no
abortiondebate,t3_g5nju6,fppu0ot,>I'd like to point out that ad hominem doesn't necessarily have to be an attack against the person making the argument. It can also be an attack against a caricature of those who make an arrangement. IE.\n\n> People who call themselves prochoice are in favor of authoritarian laws\n\n> People who call themselves prolife support policies which allow poor people to die on the street\n\nThat sort of thing. It's criticizing the source of an argument rather than the argument itself.\n	>I'm pro choice, authoritarian laws are Conservative . Mostly\n,1588809136.0,2,homo,no
abortiondebate,t3_g5nju6,g5gvdbq,>Pro choice or anti choice? Options are a good thing!\n	>Pro-choice is, of course, an acceptable label which is accepted by the party you will be referring to.\n	\n	Anti-choice, however, is not permitted as a label for the other side, just as anti-life is not permitted for use by pro-lifers for pro-choice opponents.  \n	\n	It is usually okay to refer to pro-lifers as anti-abortion, however, but when addressing others, it is best to use the label they prefer so that the argument doesn't reduce itself to effectively name calling.\n		>Something must die for us to eat so how is 'pro life' acceptable?\n			>I think you are confusing this thread for a debate thread.  The rules on how you refer to the other side are rules of debate conduct and courtesy.  \n			\n			They are not meant to suggest that you cannot make those arguments, but they do mean you can't just call someone a name of your choosing.  You need to specify an argument either for or against legal abortion or some related issue and discuss it.\n			\n			The following are acceptable:\n			\n			Pro-life, anti-abortion, pro-choice.  \n			\n			There are some folks who actually claim to be 'pro-abortion' and will accept and even ask for that label.  It is acceptable to refer to those self-identifying as such as that, but only those individuals or as a reference to positions that are specifically in favor of choosing abortion, as opposed to having the choice for abortion.\n				>Pro abortion? Lmao, so every pregnant female gets an abortion? Sounds like pro extinction. Thanks for the info.\n					>There are a group of people called anti-natalists.  Depending on their reasoning, the result of their beliefs actually does end up being self-extinction.  You run across them here from time to time, and they do have their own subreddit.  \n					\n					I am sure not all anti-natalists are explicitly in favor of self-extinction, per se, but their philosophy is generally a dead end for the species.\n						>You might find this interesting, my favorite presidents since 1900( so I don't need to include the obvious) are Teddy Roosevelt and ike! FDR then Clinton or Obama are next. tRump is the worst president ever followed by bush then Reagan.\n						>Oops sorry wrong subreddit\n		>Is pro overpopulationist acceptable?\n			>No.  That's probably worse, as pro-lifers are generally not in favor of overpopulation.\n				>Fair enough\n,1600262539.0,2,homo,no
